{"eval/entropy":1.4272588062286378,"train/grad_norm":3.702721357345581,"eval/in_dist_samples_per_second":97.474,"train/learning_rate":9.492324376214611e-10,"_wandb":{"runtime":813},"eval/in_dist_runtime":2.0518,"eval/in_dist_steps_per_second":24.368,"eval/mean_token_accuracy":0.635785425901413,"_timestamp":1.75994893434321e+09,"eval/num_tokens":628071,"train/mean_token_accuracy":0.6406879623730978,"train/epoch":1,"eval/in_dist_loss":1.255516767501831,"train/loss":1.267,"train_samples_per_second":2.982,"train_loss":1.3301296900576494,"_runtime":813.046151965,"train_steps_per_second":0.187,"train/global_step":127,"_step":141,"train/entropy":1.4386874039967854,"train/num_tokens":628071,"train_runtime":680.0001,"total_flos":2.8281753382682624e+16}