{"eval/in_dist_samples_per_second":98.085,"total_flos":2.831530033204429e+16,"eval/in_dist_loss":1.255293369293213,"train/loss":1.1313,"_timestamp":1.7599461265332313e+09,"train_loss":1.3328902834043728,"train/grad_norm":3.4436066150665283,"train/epoch":1,"eval/in_dist_steps_per_second":24.521,"train/entropy":1.4352552890777588,"eval/num_tokens":628816,"train_runtime":624.8676,"eval/mean_token_accuracy":0.6326330459117889,"_step":141,"train_steps_per_second":0.203,"train_samples_per_second":3.245,"train/global_step":127,"eval/in_dist_runtime":2.0391,"train/num_tokens":628816,"_wandb":{"runtime":770},"train/mean_token_accuracy":0.6595091422398885,"eval/entropy":1.475524137020111,"train/learning_rate":9.492324376214611e-10,"_runtime":770.789989985}