{"_step":141,"eval/num_tokens":586347,"train/grad_norm":3.479909658432007,"_timestamp":1.7599081317963328e+09,"train_steps_per_second":0.079,"train/mean_token_accuracy":0.6153961420059204,"eval/mean_token_accuracy":0.6230411040782928,"eval/in_dist_samples_per_second":103.333,"eval/in_dist_loss":1.3350242376327515,"eval/in_dist_steps_per_second":25.833,"eval/entropy":1.4880314469337463,"train/num_tokens":586347,"train/learning_rate":9.492324376214611e-10,"train/entropy":1.5036250750223796,"train/epoch":1,"train/loss":1.3412,"total_flos":2.6402940273033216e+16,"_runtime":1960.851637826,"train_runtime":1609.4535,"train/global_step":127,"_wandb":{"runtime":1960},"eval/in_dist_runtime":1.9355,"train_samples_per_second":1.26,"train_loss":1.368855649092066}