{"eval/entropy":1.654087951183319,"_timestamp":1.7599471741710243e+09,"eval/in_dist_samples_per_second":103.088,"train/learning_rate":3.7969297504858445e-09,"train_steps_per_second":0.199,"train_runtime":638.8228,"train/entropy":1.6082916657129924,"total_flos":2.8219522326462464e+16,"eval/in_dist_loss":1.4103299379348755,"_wandb":{"runtime":899},"train/loss":1.2853,"train/num_tokens":626689,"train_samples_per_second":3.175,"train/grad_norm":2.870516777038574,"train/epoch":1,"_runtime":899.140847637,"train/mean_token_accuracy":0.6412667433420817,"_step":141,"eval/in_dist_runtime":1.9401,"eval/in_dist_steps_per_second":25.772,"eval/num_tokens":626689,"train_loss":1.4385216545870925,"train/global_step":127,"eval/mean_token_accuracy":0.6061192786693573}