{"train_runtime":1607.4464,"train/global_step":127,"train_loss":1.2914924921951896,"train/loss":1.1755,"eval/in_dist_steps_per_second":27.732,"_runtime":1919.769516026,"eval/num_tokens":620949,"total_flos":2.796105283875635e+16,"train/learning_rate":1.8984648752429222e-09,"_step":141,"train_samples_per_second":1.262,"train/epoch":1,"_timestamp":1.7599125621317298e+09,"train/entropy":1.3543177445729573,"eval/in_dist_runtime":1.803,"train_steps_per_second":0.079,"train/grad_norm":3.1980693340301514,"eval/mean_token_accuracy":0.6378344583511353,"eval/in_dist_samples_per_second":110.927,"eval/in_dist_loss":1.245181918144226,"eval/entropy":1.4058298230171205,"train/num_tokens":620949,"train/mean_token_accuracy":0.6503493189811707,"_wandb":{"runtime":1919}}