{"train/loss":1.243,"_wandb":{"runtime":758},"train_runtime":623.3961,"eval/entropy":1.4707347893714904,"_timestamp":1.7599453079513528e+09,"eval/in_dist_steps_per_second":25.875,"train_steps_per_second":0.204,"train/grad_norm":3.006816864013672,"_step":141,"train/num_tokens":627871,"eval/num_tokens":627871,"train/learning_rate":1.8984648752429222e-09,"eval/mean_token_accuracy":0.62816241979599,"train/epoch":1,"train/entropy":1.4487193028132122,"train_loss":1.3320888144763436,"train/global_step":127,"eval/in_dist_samples_per_second":103.498,"train_samples_per_second":3.253,"_runtime":758.788056781,"total_flos":2.827274730602496e+16,"eval/in_dist_loss":1.2919647693634033,"eval/in_dist_runtime":1.9324,"train/mean_token_accuracy":0.6430521408716837}