{"_runtime":824.219283597,"eval/in_dist_steps_per_second":24.83,"eval/mean_token_accuracy":0.6353954088687896,"_timestamp":1.7599488738807933e+09,"_step":141,"train_loss":1.2147184469568448,"train/loss":1.0148,"eval/in_dist_loss":1.2671501636505127,"train/learning_rate":9.492324376214611e-10,"train_steps_per_second":0.184,"_wandb":{"runtime":824},"train/num_tokens":585041,"total_flos":2.6344131684990976e+16,"eval/num_tokens":585041,"eval/in_dist_runtime":2.0137,"train/grad_norm":7.024124622344971,"train/global_step":127,"train/epoch":1,"train/mean_token_accuracy":0.7009142637252808,"train_samples_per_second":2.939,"train_runtime":689.9988,"eval/in_dist_samples_per_second":99.321}