{"train/learning_rate":1.8984648752429222e-09,"train_loss":1.1420016673606213,"train_runtime":765.3452,"train/global_step":127,"_timestamp":1.7599480023435774e+09,"_step":141,"train/num_tokens":582700,"total_flos":2.6238717584736256e+16,"eval/in_dist_steps_per_second":21.353,"eval/mean_token_accuracy":0.6403476977348328,"eval/in_dist_runtime":2.3416,"train/mean_token_accuracy":0.739995022614797,"train/loss":0.8495,"train_steps_per_second":0.166,"_wandb":{"runtime":888},"eval/in_dist_loss":1.2697356939315796,"train/grad_norm":6.297005653381348,"eval/num_tokens":582700,"train_samples_per_second":2.65,"_runtime":888.752759598,"eval/in_dist_samples_per_second":85.413,"train/epoch":1}