{"train_loss":1.1254838728529262,"eval/mean_token_accuracy":0.6294203901290893,"train_runtime":655.0216,"train_steps_per_second":0.194,"train/loss":0.6529,"eval/in_dist_loss":1.3205243349075317,"_runtime":778.948522064,"eval/in_dist_samples_per_second":97.711,"train_samples_per_second":3.096,"eval/num_tokens":584754,"_wandb":{"runtime":779},"train/mean_token_accuracy":0.8229546745618185,"train/epoch":1,"train/learning_rate":3.7969297504858445e-09,"eval/in_dist_steps_per_second":24.428,"_timestamp":1.759945332577398e+09,"train/grad_norm":5.0885138511657715,"eval/in_dist_runtime":2.0469,"train/num_tokens":584754,"_step":141,"train/global_step":127,"total_flos":2.633120834650112e+16}