{"eval/mean_token_accuracy":0.631289713382721,"train/epoch":1,"total_flos":2.643432584721203e+16,"_runtime":794.926629492,"train/num_tokens":587044,"train/grad_norm":5.603262424468994,"train/global_step":127,"_timestamp":1.759947067676605e+09,"eval/in_dist_runtime":2.055,"_step":141,"train/loss":0.8702,"eval/in_dist_samples_per_second":97.324,"train_samples_per_second":3.078,"train_loss":1.142855322267127,"_wandb":{"runtime":794},"train/learning_rate":3.7969297504858445e-09,"train/mean_token_accuracy":0.7417133649190267,"eval/num_tokens":587044,"eval/in_dist_steps_per_second":24.331,"train_runtime":658.9,"train_steps_per_second":0.193,"eval/in_dist_loss":1.3164160251617432}