{"eval/in_dist_samples_per_second":99.424,"eval/mean_token_accuracy":0.6378550899028778,"eval/in_dist_steps_per_second":24.856,"_timestamp":1.7599461784112885e+09,"train_runtime":660.7394,"train/grad_norm":6.406492710113525,"train/learning_rate":1.8984648752429222e-09,"train/global_step":127,"eval/in_dist_loss":1.2645552158355713,"train_loss":1.1402018994796934,"eval/in_dist_runtime":2.0116,"_step":141,"_runtime":793.663487956,"train/mean_token_accuracy":0.7022607127825419,"train/epoch":1,"total_flos":2.641541364658995e+16,"eval/num_tokens":586624,"train/loss":1.0047,"_wandb":{"runtime":793},"train/num_tokens":586624,"train_samples_per_second":3.069,"train_steps_per_second":0.192}