{"train_loss":1.3330237396120086,"eval/entropy":1.458376512527466,"train_steps_per_second":0.177,"train/entropy":1.4144987265268962,"train/epoch":1,"eval/in_dist_runtime":2.2467,"_step":141,"train/mean_token_accuracy":0.6561877330144247,"train/global_step":127,"eval/in_dist_steps_per_second":22.255,"_timestamp":1.7599480759171813e+09,"train_samples_per_second":2.83,"eval/mean_token_accuracy":0.6296998858451843,"eval/in_dist_loss":1.2951747179031372,"train/grad_norm":3.424037218093872,"_runtime":856.455449967,"total_flos":2.822911382729523e+16,"train_runtime":716.5093,"train/learning_rate":1.8984648752429222e-09,"eval/num_tokens":626902,"train/loss":1.2125,"train/num_tokens":626902,"_wandb":{"runtime":856},"eval/in_dist_samples_per_second":89.02}