{"_timestamp":1.759914860618687e+09,"train/learning_rate":3.7969297504858445e-09,"_runtime":1782.328747581,"eval/in_dist_runtime":2.0502,"_step":141,"eval/entropy":1.5992499279975891,"train_samples_per_second":1.232,"eval/in_dist_steps_per_second":24.388,"train/loss":1.5473,"train/mean_token_accuracy":0.5866849819819132,"eval/in_dist_samples_per_second":97.551,"_wandb":{"runtime":1782},"train/num_tokens":585367,"train/entropy":1.6750260988871257,"train_loss":1.4825918073729267,"train_runtime":1646.5361,"eval/mean_token_accuracy":0.5969519579410553,"train/grad_norm":3.3536062240600586,"train/epoch":1,"eval/in_dist_loss":1.474014163017273,"total_flos":2.635881148055552e+16,"train_steps_per_second":0.077,"eval/num_tokens":585367,"train/global_step":127}