{"train/mean_token_accuracy":0.60586945215861,"train_steps_per_second":0.078,"train/learning_rate":3.7969297504858443e-10,"_step":141,"train/grad_norm":3.7475526332855225,"train/loss":1.4053,"total_flos":2.6304911134162944e+16,"eval/in_dist_runtime":1.7355,"eval/num_tokens":584170,"train/num_tokens":584170,"_timestamp":1.759910504382531e+09,"_runtime":1763.522015121,"train/epoch":1,"train_runtime":1625.8627,"eval/in_dist_steps_per_second":28.81,"train/entropy":1.542641321818034,"eval/in_dist_samples_per_second":115.239,"train_loss":1.4661335607213297,"eval/entropy":1.5174671411514282,"eval/mean_token_accuracy":0.6148622441291809,"train_samples_per_second":1.247,"_wandb":{"runtime":1763},"train/global_step":127,"eval/in_dist_loss":1.377377986907959}