{"train/epoch":1,"eval/in_dist_runtime":1.9541,"total_flos":2.8305528912347136e+16,"train/loss":0.8414,"train_steps_per_second":0.063,"_runtime":2171.069769055,"train/num_tokens":628599,"train/mean_token_accuracy":0.7473958730697632,"eval/in_dist_samples_per_second":102.351,"eval/num_tokens":628599,"train_samples_per_second":1.003,"train_loss":1.0809495068910553,"train/global_step":127,"_timestamp":1.759915258879176e+09,"train/learning_rate":3.7969297504858445e-09,"train_runtime":2022.7175,"eval/in_dist_steps_per_second":25.588,"_wandb":{"runtime":2171},"eval/in_dist_loss":1.239527702331543,"train/grad_norm":5.326872825622559,"eval/mean_token_accuracy":0.6435367977619171,"_step":141}