{"eval/entropy":1.5236404156684875,"train/mean_token_accuracy":0.6876517732938131,"_timestamp":1.759906122636655e+09,"train/num_tokens":585629,"_step":141,"train_samples_per_second":1.263,"train/loss":1.1121,"eval/in_dist_runtime":1.9512,"eval/mean_token_accuracy":0.6169516694545746,"eval/in_dist_steps_per_second":25.626,"eval/num_tokens":585629,"train/entropy":1.4160367647806804,"eval/in_dist_samples_per_second":102.502,"train/epoch":1,"_runtime":1932.899619346,"train/grad_norm":3.50824236869812,"train_runtime":1606.1412,"train_loss":1.3900518914845985,"eval/in_dist_loss":1.36747407913208,"total_flos":2.637060918529229e+16,"train/global_step":127,"train/learning_rate":1.8984648752429222e-09,"train_steps_per_second":0.079,"_wandb":{"runtime":1932}}